,ICE-FASE,EvoC
0,3.08974358974359,3.08974358974359
